{
  "dataset": "..\\datasets\\state-action-2026-02-19.jsonl",
  "records": 4487,
  "in_features": 95,
  "actions": [
    "IDLE",
    "DEFEND",
    "ATTACK_MOB",
    "ATTACK_PLAYER",
    "EAT",
    "EQUIP",
    "FLY",
    "GET_ITEMS",
    "USE_ITEM",
    "USE_TRIDENT",
    "ENCHANT",
    "USE_ANVIL",
    "BUILD",
    "BREAK",
    "SLEEP",
    "USE_FURNACE",
    "CRAFT",
    "COLLECT",
    "HELP_PLAYER",
    "SOCIAL",
    "TOGGLE_OFFHAND",
    "EXPLORE",
    "RECOVER",
    "COMMAND",
    "CHAT"
  ],
  "epochs": 16,
  "batch_size": 128,
  "lr": 0.001,
  "seed": 42,
  "dropout": 0.2,
  "model_type": "lstm",
  "sequence_length": 32,
  "hidden_size": 192,
  "lstm_layers": 2,
  "class_weights": [
    0.407653272151947,
    0.9728395938873291,
    0.9728395938873291,
    0.9728395938873291,
    0.9728395938873291,
    0.9728395938873291,
    0.9728395938873291,
    0.9728395938873291,
    0.9728395938873291,
    0.9728395938873291,
    0.9728395938873291,
    0.9728395938873291,
    0.9728395938873291,
    1.9332306385040283,
    0.9728395938873291,
    0.9728395938873291,
    0.9728395938873291,
    0.9728395938873291,
    0.9728395938873291,
    0.9728395938873291,
    0.9728395938873291,
    0.7021054029464722,
    1.5273792743682861,
    0.9728395938873291,
    0.9728395938873291
  ],
  "feature_mean": [
    -0.003244300838559866,
    -0.07022494822740555,
    -0.0017153734806925058,
    0.10135061293840408,
    0.2700783312320709,
    0.07704578340053558,
    0.00995431188493967,
    -0.03466195613145828,
    0.9929788708686829,
    0.7918814420700073,
    0.20811855792999268,
    19.387378692626953,
    19.701135635375977,
    0.0,
    0.5840763449668884,
    2.622927665710449,
    2.622927665710449,
    2.622927665710449,
    0.9126323461532593,
    0.0,
    0.0,
    0.8552608489990234,
    0.0,
    0.0,
    1.7676668167114258,
    0.08736765384674072,
    0.0,
    0.0,
    0.0,
    0.8552608489990234,
    0.057371482253074646,
    0.29501602053642273,
    71.5399169921875,
    0.05349276214838028,
    0.0033783784601837397,
    0.0,
    0.0,
    0.10044580698013306,
    0.19119183719158173,
    -0.021646464243531227,
    0.012782206758856773,
    -0.051650360226631165,
    0.18467018008232117,
    81.98577880859375,
    0.024907324463129044,
    0.0021680830977857113,
    0.0,
    0.0,
    0.05057118833065033,
    0.1319309026002884,
    -0.048447418957948685,
    0.010669588111341,
    -0.024694185703992844,
    0.056936122477054596,
    93.79183197021484,
    0.007307545747607946,
    0.002298690378665924,
    0.0,
    0.0,
    0.0023248118814080954,
    0.05231262370944023,
    0.009228888899087906,
    0.0006316310609690845,
    0.004387907683849335,
    0.001645653392188251,
    0.07883463054895401,
    0.04364899545907974,
    0.0,
    0.7984030842781067,
    0.0,
    0.07746761292219162,
    0.001645653392188251,
    0.6673341989517212,
    0.08293570578098297,
    0.0,
    0.23053078353405,
    0.00024380050308536738,
    0.01730983518064022,
    0.001645653392188251,
    0.5514174103736877,
    0.035906411707401276,
    0.0,
    0.20868994295597076,
    2.1802710762131028e-05,
    0.20228499174118042,
    0.8393625020980835,
    0.3544122278690338,
    0.08405382931232452,
    0.44857490062713623,
    -1.2263381481170654,
    0.0,
    0.07091982662677765,
    0.011319308541715145,
    94.45240020751953,
    0.026968086138367653
  ],
  "feature_std": [
    0.08941633999347687,
    0.09580957889556885,
    0.08703462034463882,
    0.07290668785572052,
    0.13855044543743134,
    0.6967224478721619,
    0.7130782008171082,
    0.10987212508916855,
    0.027485724538564682,
    0.40577349066734314,
    0.40577349066734314,
    2.953723192214966,
    1.2323451042175293,
    0.0010000000474974513,
    1.0884226560592651,
    0.9343646168708801,
    0.9343646168708801,
    0.9343646168708801,
    0.28253108263015747,
    0.0010000000474974513,
    0.0010000000474974513,
    0.3516272306442261,
    0.0010000000474974513,
    0.0010000000474974513,
    0.5945250988006592,
    0.28253108263015747,
    0.0010000000474974513,
    0.0010000000474974513,
    0.0010000000474974513,
    0.3516272306442261,
    0.23256836831569672,
    0.45612090826034546,
    42.46767807006836,
    0.10832849144935608,
    0.05798971652984619,
    0.0010000000474974513,
    0.0010000000474974513,
    0.30058205127716064,
    0.3931253254413605,
    0.4169228971004486,
    0.11719237267971039,
    0.3213629126548767,
    0.388052761554718,
    35.75138473510742,
    0.05529698356986046,
    0.0464903749525547,
    0.0010000000474974513,
    0.0010000000474974513,
    0.21895913779735565,
    0.3385857939720154,
    0.35156893730163574,
    0.09102752804756165,
    0.2226029932498932,
    0.2318112701177597,
    21.214073181152344,
    0.032216232270002365,
    0.047860659658908844,
    0.0010000000474974513,
    0.0010000000474974513,
    0.048132721334695816,
    0.22271119058132172,
    0.16014043986797333,
    0.06368643790483475,
    0.16462725400924683,
    0.04051511734724045,
    0.26954567432403564,
    0.20438846945762634,
    0.0010000000474974513,
    0.40135499835014343,
    0.0010000000474974513,
    0.2672470211982727,
    0.04051511734724045,
    0.47127237915992737,
    0.27571210265159607,
    0.0010000000474974513,
    0.4209308922290802,
    0.015610439702868462,
    0.13033230602741241,
    0.04051511734724045,
    0.12472622096538544,
    0.10343725234270096,
    0.0010000000474974513,
    0.07143117487430573,
    0.0010000000474974513,
    0.09238921105861664,
    0.21363911032676697,
    0.2708060145378113,
    0.16199059784412384,
    0.12472668290138245,
    0.27548131346702576,
    0.0010000000474974513,
    0.3588056266307831,
    0.1057623103260994,
    20.064538955688477,
    0.1357402205467224
  ],
  "normalize_features": true,
  "class_weighted_loss": true,
  "class_weight_min": 0.3,
  "class_weight_max": 4.0,
  "class_weight_power": 0.5,
  "min_feature_std": 0.001,
  "baseline_mlp": false,
  "intent_vocab": [
    "MOVE",
    "COMBAT",
    "INTERACT",
    "DEFENSE",
    "SOCIAL"
  ],
  "control_dim": 8,
  "hybrid_enabled": true,
  "intent_loss_weight": 0.6,
  "control_loss_weight": 0.25
}