{
  "dataset": "..\\datasets\\state-action-2026-02-18.train.clean.jsonl",
  "records": 197,
  "in_features": 41,
  "actions": [
    "IDLE",
    "DEFEND",
    "ATTACK_MOB",
    "ATTACK_PLAYER",
    "EAT",
    "EQUIP",
    "FLY",
    "GET_ITEMS",
    "USE_ITEM",
    "USE_TRIDENT",
    "ENCHANT",
    "USE_ANVIL",
    "BUILD",
    "BREAK",
    "SLEEP",
    "USE_FURNACE",
    "CRAFT",
    "COLLECT",
    "HELP_PLAYER",
    "SOCIAL",
    "TOGGLE_OFFHAND",
    "EXPLORE",
    "RECOVER",
    "COMMAND",
    "CHAT"
  ],
  "epochs": 50,
  "batch_size": 64,
  "lr": 0.001,
  "seed": 42,
  "dropout": 0.2,
  "model_type": "mlp",
  "sequence_length": 8,
  "hidden_size": 128,
  "lstm_layers": 1,
  "class_weights": [
    0.47999998927116394,
    7.199999809265137,
    7.199999809265137,
    7.199999809265137,
    7.199999809265137,
    7.199999809265137,
    7.199999809265137,
    7.199999809265137,
    7.199999809265137,
    7.199999809265137,
    7.199999809265137,
    7.199999809265137,
    7.199999809265137,
    7.199999809265137,
    7.199999809265137,
    7.199999809265137,
    7.199999809265137,
    7.199999809265137,
    7.199999809265137,
    7.199999809265137,
    7.199999809265137,
    0.050704225897789,
    7.199999809265137,
    7.199999809265137,
    7.199999809265137
  ],
  "feature_mean": [
    -0.0026433130260556936,
    0.40929850935935974,
    -0.03909554332494736,
    0.09162293374538422,
    -0.00722543615847826,
    0.37429577112197876,
    -0.29987043142318726,
    0.8738455772399902,
    0.03184713423252106,
    0.9681528806686401,
    20.0,
    20.0,
    0.0,
    2.114649772644043,
    0.0,
    0.0,
    1.0,
    0.0,
    0.0,
    0.0,
    0.0,
    0.0,
    0.5477706789970398,
    0.0,
    0.0,
    0.29936304688453674,
    18.266010284423828,
    0.0,
    0.24203822016716003,
    0.0,
    0.0,
    0.5031847357749939,
    0.006369426846504211,
    0.24840764701366425,
    0.0,
    0.6942675113677979,
    0.0,
    0.0,
    0.15923567116260529,
    0.03184713423252106,
    0.1146496832370758
  ],
  "feature_std": [
    0.08388859778642654,
    0.06461258232593536,
    0.10917825251817703,
    0.10998953133821487,
    0.6234703660011292,
    0.6863948702812195,
    0.3238851726055145,
    0.2038899064064026,
    0.17559395730495453,
    0.17559395730495453,
    9.999999974752427e-07,
    9.999999974752427e-07,
    9.999999974752427e-07,
    1.741104006767273,
    9.999999974752427e-07,
    9.999999974752427e-07,
    9.999999974752427e-07,
    9.999999974752427e-07,
    9.999999974752427e-07,
    9.999999974752427e-07,
    9.999999974752427e-07,
    9.999999974752427e-07,
    0.49771350622177124,
    9.999999974752427e-07,
    9.999999974752427e-07,
    0.4579803943634033,
    34.34121322631836,
    9.999999974752427e-07,
    0.42831823229789734,
    9.999999974752427e-07,
    9.999999974752427e-07,
    0.499991238117218,
    0.07955523580312729,
    0.4320906698703766,
    9.999999974752427e-07,
    0.46071767807006836,
    9.999999974752427e-07,
    9.999999974752427e-07,
    0.36589688062667847,
    0.17559395730495453,
    0.3185996413230896
  ],
  "normalize_features": true,
  "class_weighted_loss": true,
  "baseline_mlp": false
}