{
  "dataset": "..\\datasets\\state-action-2026-02-21.jsonl",
  "records": 7518,
  "in_features": 215,
  "actions": [
    "IDLE",
    "DEFEND",
    "ATTACK_MOB",
    "ATTACK_PLAYER",
    "EAT",
    "EQUIP",
    "FLY",
    "GET_ITEMS",
    "USE_ITEM",
    "USE_TRIDENT",
    "ENCHANT",
    "USE_ANVIL",
    "BUILD",
    "BREAK",
    "SLEEP",
    "USE_FURNACE",
    "CRAFT",
    "COLLECT",
    "HELP_PLAYER",
    "SOCIAL",
    "TOGGLE_OFFHAND",
    "EXPLORE",
    "RECOVER",
    "COMMAND",
    "CHAT"
  ],
  "epochs": 16,
  "batch_size": 128,
  "lr": 0.001,
  "weight_decay": 0.0001,
  "seed": 42,
  "dropout": 0.2,
  "model_type": "lstm",
  "sequence_length": 32,
  "sequence_supervision": true,
  "hidden_size": 192,
  "lstm_layers": 2,
  "lstm_bidirectional": false,
  "lstm_layer_norm": true,
  "class_weights": [
    1.1438678331532677,
    0.888386918498645,
    0.888386918498645,
    0.888386918498645,
    0.888386918498645,
    0.888386918498645,
    0.888386918498645,
    0.888386918498645,
    0.888386918498645,
    0.888386918498645,
    0.888386918498645,
    0.888386918498645,
    0.888386918498645,
    0.888386918498645,
    0.888386918498645,
    3.1780360724882994,
    2.0112276063886156,
    0.5954644566220693,
    0.888386918498645,
    0.7516803441428728,
    0.888386918498645,
    0.44036940451033063,
    0.888386918498645,
    0.888386918498645,
    0.888386918498645
  ],
  "feature_mean": [
    0.0024165697395801544,
    0.09501134604215622,
    0.002244760049507022,
    0.05635108798742294,
    0.3292345404624939,
    -0.01073780283331871,
    -0.05099501460790634,
    -0.2695208489894867,
    0.6313381195068359,
    0.0,
    0.0,
    19.99799346923828,
    20.0,
    0.0,
    1.0494471788406372,
    0.0,
    0.0,
    0.0,
    0.0,
    0.0,
    0.0,
    0.0,
    0.0,
    0.0,
    0.0,
    0.0,
    0.0,
    0.0,
    0.0,
    0.0,
    0.0,
    0.0,
    52.05526351928711,
    0.13817669451236725,
    0.0,
    0.0,
    0.0,
    0.0,
    0.0,
    -0.03356601297855377,
    0.003911251667886972,
    -0.07132816314697266,
    0.0,
    74.33256530761719,
    0.04940159618854523,
    0.0,
    0.0,
    0.0,
    0.0,
    0.0,
    0.02344215102493763,
    -0.02097589336335659,
    -0.0444638729095459,
    0.0,
    87.71829223632812,
    0.02042451500892639,
    0.0,
    0.0,
    0.0,
    0.0,
    0.0,
    0.006877243984490633,
    -0.019628269597887993,
    -0.020741280168294907,
    0.0,
    0.0,
    0.0,
    0.0,
    0.0,
    0.0,
    0.0,
    0.0,
    0.0,
    0.0,
    0.0,
    0.0,
    0.0,
    0.0,
    0.0,
    0.627634584903717,
    0.04654271528124809,
    0.008166227489709854,
    0.04448532313108444,
    0.002803466282784939,
    0.2704523503780365,
    0.6435374617576599,
    0.303628534078598,
    0.17035642266273499,
    0.3724071681499481,
    -0.5456898212432861,
    0.0,
    0.17507585883140564,
    0.0,
    85.92768096923828,
    0.08322655409574509,
    -1.5339017409132794e-05,
    -4.420850018505007e-05,
    2.6557880119071342e-05,
    2.24292375605728e-06,
    -6.74877010169439e-05,
    6.794791988795623e-05,
    3.028514765901491e-05,
    -0.00016481292550452054,
    3.700446541188285e-05,
    5.7158296840498224e-05,
    -5.7158296840498224e-05,
    2.4248980480479077e-05,
    0.0,
    0.0,
    0.0004572663747239858,
    0.0,
    0.0,
    0.0,
    0.0,
    0.0,
    0.0,
    0.0,
    0.0,
    0.0,
    0.0,
    0.0,
    0.0,
    0.0,
    0.0,
    0.0,
    0.0,
    6.235450564417988e-05,
    0.0019034898141399026,
    3.667639248305932e-05,
    4.676587923313491e-05,
    0.0,
    0.0,
    -9.872797090793028e-05,
    0.00011431659368099645,
    -2.6750969482236542e-05,
    -4.751237065647729e-05,
    1.0830790415639058e-05,
    8.313934085890651e-05,
    0.0015837227692827582,
    1.5041448932606727e-05,
    5.196208803681657e-06,
    0.0,
    0.0,
    2.5981044018408284e-05,
    5.196208803681657e-05,
    -3.2095574624690926e-06,
    -3.169016054016538e-06,
    -7.970428123371676e-05,
    0.00012470901128835976,
    0.002246521646156907,
    1.2655625141633209e-05,
    5.196208803681657e-06,
    0.0,
    0.0,
    7.794313569320366e-05,
    4.1569670429453254e-05,
    6.355631194310263e-05,
    3.3030744361894904e-06,
    -4.107218774151988e-05,
    0.0,
    -9.353175846626982e-05,
    -3.117725282208994e-05,
    0.0,
    -4.676587923313491e-05,
    2.0784835214726627e-05,
    0.00015069005894474685,
    0.0,
    1.0392417607363313e-05,
    -4.1569670429453254e-05,
    0.0,
    0.0001091203885152936,
    -1.0392417607363313e-05,
    -6.755071808584034e-05,
    0.0,
    3.2522530091227964e-05,
    -2.9445158361340873e-05,
    -6.3509205574519e-06,
    -9.430404134036507e-06,
    1.7320718370683608e-06,
    1.0970624316541944e-05,
    6.235647015273571e-05,
    -0.00011258005542913452,
    -4.734133108286187e-05,
    -3.2522690162295476e-05,
    -9.767909796210006e-05,
    0.0,
    7.794313569320366e-05,
    3.63734616257716e-05,
    -0.012488946318626404,
    5.6784389016684145e-05,
    0.0,
    0.0,
    0.0,
    0.0,
    0.0,
    0.0,
    0.0,
    0.0,
    0.0,
    0.0,
    0.0,
    0.0,
    0.0,
    0.0,
    0.0,
    0.0,
    0.0,
    0.0,
    0.0,
    0.0,
    0.0,
    0.0,
    0.0,
    0.0,
    0.0
  ],